PDB_ResNum,CHAIN,AA,SS,ACC,TCO,KAPPA,ALPHA,PHI,PSI,CHAIN_REAL_LABEL,CHAIN_REAL_AUTH,CHAIN_FULL,RSA
-1,A,S,,130,0.0,360.0,360.0,360.0,140.7,,,A,100.0
0,A,M,,148,-0.534,360.0,16.1,56.5,-84.4,,,A,78.723
26,A,F,,19,-0.94,59.7,-174.7,-125.2,121.1,,,A,9.645
27,A,L,,101,-0.909,30.4,-129.3,-105.9,106.7,,,A,61.585
28,A,P,,73,-0.241,23.5,-116.6,-56.1,132.5,,,A,53.676
29,A,P,,3,-0.257,44.9,-82.3,-58.7,159.5,,,A,2.206
30,A,P,,75,-0.258,56.2,-91.1,-62.1,155.6,,,A,55.147
31,A,E,B,107,-0.436,36.7,-126.1,-71.6,139.1,,,A,55.155
32,A,C,,6,-0.295,45.2,-73.3,-72.2,167.9,,,A,4.444
33,A,P,,29,-0.324,43.2,-154.4,-61.7,143.6,,,A,21.324
34,A,V,E,59,-0.993,8.7,-161.9,-122.2,127.5,,,A,41.549
35,A,F,E,40,-0.865,14.0,-171.5,-112.3,142.8,,,A,20.305
36,A,E,,137,-0.721,19.1,-165.0,-129.0,80.5,,,A,70.619
37,A,P,,7,-0.353,18.2,-120.6,-67.5,145.3,,,A,5.147
38,A,S,,57,-0.241,38.1,-95.7,-68.0,170.3,,,A,43.846
39,A,W,H,117,0.892,128.1,52.7,-61.3,-28.2,,,A,51.542
40,A,E,H,82,0.958,112.7,41.2,-69.7,-53.0,,,A,42.268
41,A,E,H,74,0.877,114.9,54.0,-59.5,-40.4,,,A,38.144
42,A,F,H,2,0.779,87.2,80.4,-66.5,-31.7,,,A,1.015
43,A,A,H,72,0.82,96.6,41.8,-52.9,-40.3,,,A,67.925
44,A,D,,56,-0.892,66.7,-170.5,-113.4,106.0,,,A,34.356
45,A,P,H,1,0.852,86.0,51.5,-62.4,-36.1,,,A,0.735
46,A,F,H,14,0.891,110.4,47.3,-72.5,-38.7,,,A,7.107
47,A,A,H,50,0.912,115.2,48.1,-64.0,-41.6,,,A,47.17
48,A,F,H,8,0.931,110.0,49.8,-64.2,-48.4,,,A,4.061
49,A,I,H,3,0.905,110.9,50.8,-60.0,-41.3,,,A,1.775
50,A,H,H,106,0.865,109.4,52.8,-62.7,-37.1,,,A,57.609
51,A,K,H,142,0.925,112.3,41.3,-66.1,-44.9,,,A,69.268
52,A,I,H,7,0.606,90.3,98.6,-78.8,-9.2,,,A,4.142
53,A,R,H,75,0.808,74.0,55.3,-52.0,-41.9,,,A,30.242
54,A,P,H,80,0.857,118.2,36.3,-66.5,-28.0,,,A,58.824
55,A,I,H,98,0.951,119.4,45.0,-78.7,-58.8,,,A,57.988
56,A,A,H,0,0.761,103.1,63.2,-63.1,-30.4,,,A,0.0
57,A,E,T,72,0.701,96.5,60.7,-73.1,-14.0,,,A,37.113
58,A,Q,T,93,0.651,115.4,33.1,-80.4,-16.8,,,A,46.97
59,A,T,T,13,0.453,96.3,-135.3,-117.8,-8.2,,,A,9.155
60,A,G,S,0,-0.193,81.1,45.1,85.0,-48.0,,,A,0.0
61,A,I,E,0,-0.889,62.2,178.5,-122.8,160.0,,,A,0.0
62,A,C,E,0,-0.97,22.4,-125.1,-152.4,163.2,,,A,0.0
63,A,K,E,17,-0.902,15.9,-159.2,-114.5,141.8,,,A,8.293
64,A,V,E,0,-0.974,2.1,-160.3,-125.3,120.9,,,A,0.0
65,A,R,,91,-0.873,21.5,-135.4,-95.9,116.6,,,A,36.694
66,A,P,,23,-0.317,38.9,-76.8,-65.9,156.3,,,A,16.912
67,A,P,,6,-0.216,53.5,-103.4,-49.2,144.5,,,A,4.412
68,A,P,T,116,0.676,118.0,46.3,-50.8,-32.2,,,A,85.294
69,A,D,T,92,0.311,81.5,103.9,-100.6,6.2,,,A,56.442
70,A,W,,15,-0.772,43.1,150.9,-83.4,94.9,,,A,6.608
71,A,Q,,104,-0.838,33.5,-153.3,-129.7,99.8,,,A,52.525
72,A,P,,18,-0.433,31.6,-109.0,-62.3,139.1,,,A,13.235
73,A,P,,31,-0.578,29.6,-159.7,-73.3,128.8,,,A,22.794
74,A,F,,65,-0.96,22.8,157.1,-106.3,126.4,,,A,32.995
75,A,A,,89,-0.976,3.6,141.4,-148.4,132.5,,,A,83.962
76,A,C,,57,-0.981,49.2,-107.4,-161.5,158.3,,,A,42.222
77,A,D,,74,-0.833,23.5,-157.3,-89.9,116.4,,,A,45.399
78,A,V,T,51,0.657,89.9,53.5,-69.5,-12.3,,,A,35.915
79,A,D,T,72,0.705,106.6,47.5,-95.3,-22.5,,,A,44.172
80,A,K,T,161,0.505,88.9,89.9,-102.3,-5.4,,,A,78.537
81,A,L,,36,-0.856,58.1,-180.0,-94.1,113.7,,,A,21.951
82,A,H,E,83,-0.81,6.0,168.7,-107.9,152.4,,,A,45.109
83,A,F,E,19,-0.977,35.8,-113.9,-160.0,157.6,,,A,9.645
84,A,T,,82,-0.834,38.7,-133.0,-96.5,117.7,,,A,57.746
85,A,P,,13,-0.354,6.9,-139.8,-74.5,148.7,,,A,9.559
86,A,R,E,54,-0.84,17.3,-134.7,-100.4,145.7,,,A,21.774
87,A,I,E,108,-0.814,20.7,-166.2,-105.1,141.2,,,A,63.905
88,A,Q,E,5,-0.98,14.6,-152.0,-137.6,125.3,,,A,2.525
89,A,R,E,147,-0.727,19.7,-138.9,-87.7,144.0,,,A,59.274
90,A,L,,2,-0.618,46.0,135.5,-112.0,76.7,,,A,1.22
91,A,N,,27,-0.972,53.7,-118.5,-124.1,122.1,,,A,17.197
92,A,E,T,43,-0.252,97.7,8.4,-53.7,137.4,,,A,22.165
93,A,L,T,60,0.37,93.7,134.9,70.0,0.1,,,A,36.585
94,A,E,,55,-0.592,60.6,-109.0,-79.6,139.4,,,A,28.351
95,A,A,,48,-0.447,38.0,178.1,-71.1,135.4,,,A,45.283
96,A,Q,E,31,-0.956,28.4,-120.6,-129.8,151.8,,,A,15.657
97,A,T,E,96,-0.772,24.7,-135.0,-96.8,146.4,,,A,67.606
98,A,R,,62,0.897,57.5,-5.1,-78.1,-52.8,,,A,25.0
99,A,V,,59,-0.469,360.0,360.0,-128.7,-165.0,,,A,41.549
100,A,K,,87,-0.883,360.0,360.0,-165.6,360.0,,,A,42.439
375,A,R,,198,0.0,360.0,360.0,360.0,159.3,,,A,79.839
376,A,D,,87,-0.947,360.0,-174.8,-159.8,133.2,,,A,53.374
377,A,Y,E,25,-0.944,17.5,-143.0,-122.1,147.4,,,A,11.261
378,A,T,E,19,-0.635,41.3,-105.1,-88.3,167.1,,,A,13.38
379,A,L,H,3,0.884,124.0,50.5,-57.6,-36.6,,,A,1.829
380,A,R,H,111,0.934,110.4,45.6,-66.5,-48.7,,,A,44.758
381,A,T,H,60,0.86,114.1,49.9,-68.3,-32.5,,,A,42.254
382,A,F,H,0,0.936,110.7,50.5,-66.5,-45.5,,,A,0.0
383,A,G,H,5,0.895,109.3,50.0,-57.8,-44.4,,,A,5.952
384,A,E,H,117,0.894,113.5,46.9,-62.5,-38.4,,,A,60.309
385,A,M,H,46,0.923,112.8,48.5,-68.3,-43.4,,,A,24.468
386,A,A,H,2,0.876,111.8,47.5,-68.1,-40.5,,,A,1.887
387,A,D,H,69,0.9,112.7,48.7,-67.5,-46.0,,,A,42.331
388,A,A,H,48,0.872,109.7,54.4,-58.9,-41.6,,,A,45.283
389,A,F,H,50,0.962,113.6,39.4,-58.0,-54.4,,,A,25.381
390,A,K,H,4,0.886,115.4,52.9,-63.8,-40.4,,,A,1.951
391,A,S,H,42,0.9,113.4,42.8,-64.1,-42.4,,,A,32.308
392,A,D,H,130,0.764,109.1,58.8,-75.0,-26.9,,,A,79.755
393,A,Y,H,66,0.875,122.2,23.1,-70.1,-38.3,,,A,29.73
394,A,F,H,35,0.468,96.7,-128.7,-106.1,-4.1,,,A,17.766
395,A,N,T,153,0.902,76.8,104.0,46.6,46.7,,,A,97.452
396,A,M,S,61,-0.927,85.0,-91.5,-140.6,162.5,,,A,32.447
397,A,P,,80,-0.678,47.9,-116.8,-70.7,142.3,,,A,58.824
398,A,V,G,31,0.723,108.5,55.8,-59.0,-29.2,,,A,21.831
399,A,H,G,163,0.404,102.0,57.1,-85.8,-1.7,,,A,88.587
400,A,M,G,127,0.558,79.0,101.0,-104.3,-13.7,,,A,67.553
401,A,V,S,10,-0.656,77.6,-130.2,-74.4,106.6,,,A,7.042
402,A,P,,61,-0.226,6.0,-129.7,-59.3,143.8,,,A,44.853
403,A,T,H,37,0.854,108.4,59.4,-67.1,-34.4,,,A,26.056
404,A,E,H,122,0.825,106.4,48.9,-59.3,-32.3,,,A,62.887
405,A,L,H,70,0.895,107.5,51.1,-78.8,-46.2,,,A,42.683
406,A,V,H,0,0.891,112.0,50.4,-56.7,-39.0,,,A,0.0
407,A,E,H,7,0.947,111.7,45.5,-64.7,-50.7,,,A,3.608
408,A,K,H,102,0.914,115.4,48.5,-55.8,-45.4,,,A,49.756
409,A,E,H,30,0.84,105.4,57.7,-68.2,-34.0,,,A,15.464
410,A,F,H,1,0.963,109.2,44.6,-60.3,-50.2,,,A,0.508
411,A,W,H,10,0.8,112.9,52.3,-70.5,-26.9,,,A,4.405
412,A,R,H,73,0.968,111.3,45.8,-65.9,-51.2,,,A,29.435
413,A,L,H,1,0.832,108.8,53.0,-69.5,-30.9,,,A,0.61
414,A,V,H,4,0.732,112.3,46.8,-74.7,-19.1,,,A,2.817
415,A,S,H,65,0.722,92.0,89.3,-93.1,-21.5,,,A,50.0
416,A,T,,35,-0.669,59.9,-161.2,-85.5,114.0,,,A,24.648
417,A,I,S,141,0.795,87.9,59.7,-66.7,-26.9,,,A,83.432
418,A,E,S,148,0.892,91.1,77.8,-69.8,-42.1,,,A,76.289
419,A,E,,66,-0.485,57.3,-177.5,-63.9,134.5,,,A,34.021
420,A,D,,132,-0.531,11.7,170.3,-134.0,70.5,,,A,80.982
421,A,V,,21,-0.633,10.5,-169.8,-77.0,130.3,,,A,14.789
422,A,T,E,78,-0.974,5.5,-179.4,-120.7,144.0,,,A,54.93
423,A,V,E,3,-0.8,16.0,-133.9,-130.3,172.5,,,A,2.113
424,A,E,E,17,-0.874,23.5,166.5,-126.7,161.0,,,A,8.763
425,A,Y,E,52,-0.974,29.4,-113.2,-162.1,169.8,,,A,23.423
426,A,G,E,5,-0.958,29.3,165.3,-117.9,136.3,,,A,5.952
427,A,A,E,9,-0.904,20.6,125.7,-147.4,120.0,,,A,8.491
428,A,D,E,69,-0.978,54.3,-99.3,-165.5,154.7,,,A,42.331
429,A,I,E,53,-0.413,62.4,-75.7,-75.5,161.0,,,A,31.361
430,A,A,,34,-0.29,65.8,161.2,-58.9,137.7,,,A,32.075
431,A,S,,67,-0.759,53.9,-89.7,-142.7,-171.0,,,A,51.538
432,A,K,S,113,0.819,125.8,47.0,-77.7,-32.4,,,A,55.122
433,A,E,S,61,0.669,132.1,16.8,-81.2,-16.6,,,A,31.443
434,A,F,S,19,-0.759,81.5,178.6,-161.0,105.4,,,A,9.645
435,A,G,,33,-0.34,36.0,-54.0,-109.6,-177.1,,,A,39.286
436,A,S,,29,-0.096,31.1,-140.7,-54.7,147.8,,,A,22.308
437,A,G,S,11,0.547,86.6,79.5,-82.6,-10.8,,,A,13.095
438,A,F,S,7,-0.681,99.3,-90.4,-92.6,153.7,,,A,3.553
439,A,P,,9,-0.393,48.7,-179.6,-62.2,134.8,,,A,6.618
440,A,V,,74,-0.923,32.0,-90.0,-132.4,162.1,,,A,52.113
441,A,R,,174,-0.497,360.0,360.0,-79.8,137.7,,,A,70.161
442,A,D,,144,0.178,360.0,360.0,-164.5,360.0,,,A,88.344
445,A,I,,147,0.0,360.0,360.0,360.0,128.6,,,A,86.982
446,A,K,,200,-0.697,360.0,-140.9,-87.4,130.5,,,A,97.561
447,A,L,,25,-0.595,12.2,-115.2,-95.2,149.9,,,A,15.244
448,A,S,,52,-0.392,35.4,-105.6,-72.4,156.7,,,A,40.0
449,A,P,H,97,0.822,121.4,51.9,-55.7,-33.0,,,A,71.324
450,A,E,H,88,0.897,106.5,52.3,-72.4,-40.2,,,A,45.361
451,A,E,H,56,0.872,106.3,56.0,-56.3,-38.3,,,A,28.866
452,A,E,H,102,0.846,98.1,61.9,-67.2,-34.6,,,A,52.577
453,A,E,H,131,0.845,110.6,39.2,-54.6,-37.8,,,A,67.526
454,A,Y,T,15,0.42,89.6,93.8,-98.3,0.0,,,A,6.757
455,A,L,T,12,0.853,98.2,29.3,-62.5,-34.3,,,A,7.317
456,A,D,T,110,0.13,86.8,135.6,-117.6,18.6,,,A,67.485
457,A,S,,21,-0.394,57.6,-134.6,-62.8,142.8,,,A,16.154
458,A,G,T,11,0.844,108.7,55.4,-62.1,-32.3,,,A,13.095
459,A,W,T,3,0.453,77.1,104.1,-87.5,-0.9,,,A,1.322
460,A,N,S,2,-0.76,75.5,-141.8,-71.4,113.1,,,A,1.274
461,A,L,T,0,0.59,94.6,64.4,-69.0,-8.9,,,A,0.0
462,A,N,T,41,0.835,107.8,43.0,-71.1,-32.8,,,A,26.115
463,A,N,T,38,0.881,95.0,73.3,-80.5,-43.4,,,A,24.204
464,A,M,G,0,0.787,91.5,57.2,-53.6,-36.5,,,A,0.0
465,A,P,G,8,0.837,112.3,42.7,-58.2,-30.7,,,A,5.882
466,A,V,G,103,0.147,87.0,110.8,-110.2,20.2,,,A,72.535
467,A,M,S,58,-0.343,75.8,-111.8,-83.8,174.4,,,A,30.851
468,A,E,T,99,0.351,107.7,59.4,-107.0,13.1,,,A,51.031
469,A,Q,T,68,0.35,93.2,85.0,-108.9,3.4,,,A,34.343
470,A,S,B,0,-0.741,68.5,-154.8,-92.4,152.7,,,A,0.0
471,A,V,S,0,0.561,82.8,69.5,-107.2,-10.3,,,A,0.0
472,A,L,S,10,0.389,78.6,83.9,-89.7,3.2,,,A,6.098
473,A,A,S,37,0.859,84.3,53.3,-74.0,-37.8,,,A,34.906
474,A,H,S,40,0.46,76.8,117.4,-87.1,-1.8,,,A,21.739
475,A,I,,26,-0.512,40.7,-176.5,-61.8,125.9,,,A,15.385
476,A,T,,104,0.593,48.8,108.0,-101.9,-15.8,,,A,73.239
477,A,A,S,34,-0.22,85.6,-98.6,-58.6,148.9,,,A,32.075
478,A,D,,102,-0.639,59.7,149.1,-76.5,107.9,,,A,62.577
479,A,I,,19,-0.456,5.0,160.8,-138.1,63.2,,,A,11.243
480,A,C,H,79,0.841,73.8,57.8,-54.5,-40.5,,,A,58.519
481,A,G,H,40,0.694,113.9,39.1,-63.0,-17.3,,,A,47.619
482,A,M,H,2,0.61,118.8,35.9,-116.5,-19.2,,,A,1.064
483,A,K,H,31,0.565,104.0,75.9,-111.6,-13.2,,,A,15.122
484,A,L,S,71,-0.738,85.1,-105.6,-102.4,147.7,,,A,43.293
485,A,P,,5,-0.371,27.1,-142.5,-67.0,145.1,,,A,3.676
486,A,W,E,37,-0.888,9.8,-142.4,-104.0,146.8,,,A,16.3
487,A,L,E,8,-0.92,13.2,-164.0,-110.6,132.5,,,A,4.878
488,A,Y,E,80,-0.961,9.4,-167.0,-124.7,120.4,,,A,36.036
489,A,V,E,5,-0.905,23.6,-166.8,-102.0,110.7,,,A,3.521
490,A,G,E,1,-0.543,16.5,-174.9,-99.1,161.7,,,A,1.19
491,A,M,,2,-0.894,53.0,-54.7,-138.4,173.3,,,A,1.064
492,A,C,T,0,-0.28,124.0,-0.7,-55.1,127.7,,,A,0.0
493,A,F,T,0,0.273,86.3,145.6,75.0,-7.7,,,A,0.0
494,A,S,,2,-0.459,37.9,-157.9,-62.0,137.4,,,A,1.538
495,A,S,E,17,-0.888,30.5,-145.3,-130.3,149.7,,,A,13.077
496,A,F,E,45,-0.955,34.2,-130.9,-114.5,124.1,,,A,22.843
497,A,C,E,13,-0.187,36.8,-74.0,-71.3,163.0,,,A,9.63
498,A,W,E,4,-0.307,74.2,134.1,-55.6,127.3,,,A,1.762
499,A,H,E,31,-0.985,45.9,-131.7,-161.8,170.2,,,A,16.848
500,A,I,,24,-0.894,41.6,-94.6,-123.7,161.3,,,A,14.201
501,A,E,,23,-0.37,47.9,-85.4,-78.1,153.5,,,A,11.856
502,A,D,G,30,-0.28,115.7,6.8,-52.3,137.2,,,A,18.405
503,A,H,G,0,0.685,123.4,-81.0,54.9,25.3,,,A,0.0
504,A,W,G,13,0.819,83.5,163.4,54.8,33.9,,,A,5.727
505,A,S,,1,-0.223,40.9,-100.8,-72.3,168.0,,,A,0.769
506,A,Y,E,3,-0.42,34.0,-157.2,-68.4,159.8,,,A,1.351
507,A,S,E,10,-0.974,6.5,-161.9,-136.7,156.3,,,A,7.692
508,A,I,E,0,-0.997,8.5,-165.0,-137.1,131.6,,,A,0.0
509,A,N,E,9,-0.973,3.4,-164.1,-124.0,131.1,,,A,5.732
510,A,Y,E,13,-0.974,11.9,-148.5,-117.3,127.1,,,A,5.856
511,A,L,E,0,-0.831,13.1,-173.0,-92.0,107.1,,,A,0.0
512,A,H,E,21,0.928,59.2,-33.2,-67.4,-47.9,,,A,11.413
513,A,W,E,64,-0.985,88.8,56.9,-165.0,166.7,,,A,28.194
514,A,G,E,36,-0.548,84.5,-16.1,105.2,-164.6,,,A,42.857
515,A,E,S,25,-0.282,84.1,-79.2,-77.1,161.6,,,A,12.887
516,A,P,,26,-0.015,29.2,-134.4,-68.7,166.3,,,A,19.118
517,A,K,E,7,-0.981,19.0,-143.3,-115.3,124.0,,,A,3.415
518,A,T,E,0,-0.795,20.3,-164.9,-94.4,129.3,,,A,0.0
519,A,W,E,9,-0.869,17.0,-167.0,-117.2,142.8,,,A,3.965
520,A,Y,E,0,-0.995,19.4,-175.6,-120.5,138.4,,,A,0.0
521,A,G,E,0,-0.967,17.2,-163.1,-137.7,148.9,,,A,0.0
522,A,V,,0,-0.992,32.3,-110.1,-129.1,133.1,,,A,0.0
523,A,P,,0,-0.249,27.7,-112.6,-67.2,153.6,,,A,0.0
524,A,G,G,19,0.805,112.2,62.9,-49.7,-37.1,,,A,22.619
525,A,Y,G,135,0.684,103.0,50.6,-67.8,-15.5,,,A,60.811
526,A,A,G,0,0.299,75.6,108.7,-105.0,9.0,,,A,0.0
527,A,A,H,1,0.885,81.1,45.0,-54.6,-45.6,,,A,0.943
528,A,E,H,99,0.821,108.7,56.6,-74.5,-29.5,,,A,51.031
529,A,Q,H,79,0.944,108.8,48.3,-59.7,-47.2,,,A,39.899
530,A,L,H,1,0.9,110.2,51.0,-59.0,-43.9,,,A,0.61
531,A,E,H,37,0.882,107.2,53.2,-66.2,-38.1,,,A,19.072
532,A,N,H,111,0.928,110.6,47.4,-60.8,-43.8,,,A,70.701
533,A,V,H,17,0.925,113.5,48.6,-61.0,-44.4,,,A,11.972
534,A,M,H,15,0.882,108.2,54.1,-63.7,-39.8,,,A,7.979
535,A,K,H,115,0.889,108.7,48.9,-63.5,-40.3,,,A,56.098
536,A,K,H,169,0.94,119.2,36.8,-64.3,-45.7,,,A,82.439
537,A,L,H,75,0.634,134.5,16.8,-87.7,-16.3,,,A,45.732
538,A,A,,1,-0.322,60.6,167.1,-156.6,69.1,,,A,0.943
539,A,P,G,66,0.637,68.9,77.7,-63.4,-18.5,,,A,48.529
540,A,E,G,110,0.833,85.6,62.2,-58.9,-34.9,,,A,56.701
541,A,L,G,18,0.613,100.5,55.8,-65.7,-12.3,,,A,10.976
542,A,F,G,72,0.48,74.6,114.4,-107.8,-3.5,,,A,36.548
543,A,V,S,86,-0.309,79.6,-85.4,-64.4,152.3,,,A,60.563
544,A,S,,107,-0.205,43.3,-149.6,-65.6,153.0,,,A,82.308
545,A,Q,,70,-0.978,17.9,-133.4,-134.4,137.0,,,A,35.354
546,A,P,S,80,0.598,80.7,-16.1,-67.2,-14.7,,,A,58.824
547,A,D,S,53,-0.951,72.6,-81.5,-167.3,-171.1,,,A,32.515
548,A,L,G,45,0.649,115.6,65.4,-79.8,-20.5,,,A,27.439
549,A,L,G,126,0.086,100.2,55.7,-87.0,23.1,,,A,76.829
550,A,H,G,85,0.281,66.2,142.7,-144.4,5.9,,,A,46.196
551,A,Q,,29,-0.276,42.5,-138.6,-52.1,134.1,,,A,14.646
552,A,L,E,49,-0.864,27.8,168.5,-105.6,135.7,,,A,29.878
553,A,V,E,20,-0.882,10.1,-161.6,-139.0,168.3,,,A,14.085
554,A,T,,0,-0.988,25.0,-107.2,-152.5,158.9,,,A,0.0
555,A,I,,4,-0.727,40.6,174.2,-79.4,131.9,,,A,2.367
556,A,M,,2,-0.966,35.1,-111.5,-147.8,131.6,,,A,1.064
557,A,N,,21,-0.329,19.7,-141.7,-58.7,124.5,,,A,13.376
558,A,P,H,0,0.81,100.2,66.2,-60.6,-26.2,,,A,0.0
559,A,N,H,26,0.832,96.7,56.5,-61.8,-32.6,,,A,16.561
560,A,T,H,40,0.925,108.9,45.4,-61.3,-44.7,,,A,28.169
561,A,L,H,1,0.92,111.7,51.7,-63.3,-45.4,,,A,0.61
562,A,M,H,64,0.841,104.1,57.7,-62.3,-33.8,,,A,34.043
563,A,T,H,110,0.859,106.4,49.8,-63.9,-34.4,,,A,77.465
564,A,H,T,100,0.053,127.0,-102.3,-94.3,23.8,,,A,54.348
565,A,E,T,168,0.685,73.4,143.1,65.3,27.6,,,A,86.598
566,A,V,,3,-0.86,52.4,-123.1,-91.1,123.3,,,A,2.113
567,A,P,,33,-0.497,35.0,-178.7,-69.7,129.3,,,A,24.265
568,A,V,,5,-0.988,9.5,-169.5,-131.6,139.3,,,A,3.521
569,A,Y,E,59,-0.85,7.0,-158.1,-123.3,161.4,,,A,26.577
570,A,R,E,10,-0.865,11.5,172.6,-131.8,163.8,,,A,4.032
571,A,T,E,0,-0.933,28.9,-131.3,-161.3,156.1,,,A,0.0
572,A,N,E,29,-0.97,26.4,-152.4,-101.4,118.5,,,A,18.471
573,A,Q,E,0,-0.826,14.7,-164.1,-91.0,119.3,,,A,0.0
574,A,C,,55,-0.6,36.4,-68.2,-100.0,167.2,,,A,40.741
575,A,A,T,50,-0.19,121.6,25.9,-53.2,135.3,,,A,47.17
576,A,G,T,24,0.469,100.5,113.3,85.5,2.9,,,A,28.571
577,A,E,,14,-0.825,55.2,-141.0,-110.8,152.9,,,A,7.216
578,A,F,E,0,-0.849,5.8,-161.3,-104.0,141.1,,,A,0.0
579,A,V,E,0,-0.987,10.5,-163.0,-114.2,135.3,,,A,0.0
580,A,I,E,0,-0.965,2.3,-158.9,-116.6,130.7,,,A,0.0
581,A,T,E,1,-0.906,14.0,-139.5,-107.9,141.7,,,A,0.704
582,A,F,,8,-0.434,40.9,-62.0,-96.5,165.3,,,A,4.061
583,A,P,T,17,-0.224,119.2,-3.8,-51.5,127.9,,,A,12.5
584,A,R,T,40,0.642,91.9,146.3,62.7,20.3,,,A,16.129
585,A,A,,3,-0.775,44.7,-137.5,-87.4,109.0,,,A,2.83
586,A,Y,,28,-0.379,31.7,171.8,-61.8,142.2,,,A,12.613
587,A,H,E,5,-0.989,13.6,162.1,-152.0,158.3,,,A,2.717
588,A,S,E,6,-0.936,10.7,142.2,-159.5,174.4,,,A,4.615
589,A,G,E,2,-0.994,30.0,-116.1,170.4,-166.0,,,A,2.381
590,A,F,E,0,-0.987,27.3,-103.0,-159.5,157.1,,,A,0.0
591,A,N,E,10,-0.661,12.2,-149.7,-89.1,141.7,,,A,6.369
592,A,Q,S,1,0.683,73.5,-42.0,-76.3,-22.1,,,A,0.505
593,A,G,S,1,-0.939,99.2,-15.0,178.9,-167.8,,,A,1.19
594,A,F,S,33,-0.313,75.8,141.2,-57.2,125.4,,,A,16.751
595,A,N,E,0,-0.974,43.0,-130.6,-161.7,175.9,,,A,0.0
596,A,F,E,3,-0.959,25.9,172.0,-147.2,119.1,,,A,1.523
597,A,A,E,0,-0.827,16.3,-157.7,-129.9,161.8,,,A,0.0
598,A,E,E,0,-0.995,16.5,176.4,-144.6,136.4,,,A,0.0
599,A,A,E,11,-0.969,8.9,-171.9,-144.9,155.9,,,A,10.377
600,A,V,E,4,-0.998,22.1,-123.1,-152.4,145.0,,,A,2.817
601,A,N,E,20,-0.537,34.6,174.7,-78.2,152.2,,,A,12.739
602,A,F,E,1,-0.986,21.6,-147.9,-158.7,163.4,,,A,0.508
603,A,C,,0,-0.989,11.7,-168.9,-136.8,124.8,,,A,0.0
604,A,T,B,9,-0.475,43.4,-97.3,-101.9,177.2,,,A,6.338
605,A,V,G,27,0.808,123.4,62.7,-65.0,-31.6,,,A,19.014
606,A,D,G,46,0.838,100.3,54.5,-56.8,-34.9,,,A,28.221
607,A,W,G,1,0.732,80.4,91.8,-76.2,-25.1,,,A,0.441
608,A,L,H,0,0.828,86.7,46.4,-48.0,-48.3,,,A,0.0
609,A,P,H,64,0.892,112.5,51.1,-63.5,-35.2,,,A,47.059
610,A,L,H,57,0.843,103.4,59.8,-67.6,-34.8,,,A,34.756
611,A,G,H,0,0.881,106.3,46.8,-57.5,-40.2,,,A,0.0
612,A,R,H,40,0.923,112.7,49.3,-67.5,-44.1,,,A,16.129
613,A,Q,H,98,0.862,108.0,55.7,-63.2,-35.2,,,A,49.495
614,A,C,H,0,0.916,105.2,50.1,-63.7,-44.5,,,A,0.0
615,A,V,H,26,0.879,110.2,51.4,-64.0,-37.2,,,A,18.31
616,A,E,H,100,0.915,109.6,49.7,-59.9,-45.5,,,A,51.546
617,A,H,H,37,0.909,107.5,54.2,-62.6,-40.9,,,A,20.109
618,A,Y,H,12,0.854,106.3,53.7,-58.4,-35.6,,,A,5.405
619,A,R,H,49,0.954,106.9,49.2,-67.0,-50.3,,,A,19.758
620,A,L,H,112,0.85,117.4,43.0,-52.6,-36.4,,,A,68.293
621,A,L,T,96,0.445,108.0,-124.3,-90.4,-2.8,,,A,58.537
622,A,H,T,79,0.844,56.9,158.0,57.8,37.3,,,A,42.935
623,A,R,,53,-0.734,43.8,-110.7,-95.8,139.3,,,A,21.371
624,A,Y,,42,-0.314,28.5,-133.0,-64.9,145.3,,,A,18.919
625,A,C,,6,-0.666,4.8,-145.2,-93.5,155.2,,,A,4.444
626,A,V,S,30,0.827,84.0,-9.0,-84.9,-36.3,,,A,21.127
627,A,F,S,6,-0.944,81.3,-90.1,-147.6,169.6,,,A,3.046
628,A,S,,10,-0.786,25.9,-160.1,-86.2,120.5,,,A,7.692
629,A,H,H,6,0.903,93.3,50.8,-64.1,-45.1,,,A,3.261
630,A,D,H,38,0.888,107.6,54.5,-61.7,-38.1,,,A,23.313
631,A,E,H,28,0.91,108.2,48.7,-61.7,-41.4,,,A,14.433
632,A,M,H,6,0.904,110.8,50.7,-65.2,-41.5,,,A,3.191
633,A,I,H,0,0.929,112.3,45.5,-61.3,-47.3,,,A,0.0
634,A,C,H,2,0.843,108.8,57.0,-67.9,-32.9,,,A,1.481
635,A,K,H,63,0.926,109.9,44.8,-64.1,-42.1,,,A,30.732
636,A,M,H,1,0.939,109.8,54.0,-67.7,-45.5,,,A,0.532
637,A,A,H,4,0.904,104.9,56.7,-51.9,-39.8,,,A,3.774
638,A,S,T,64,0.59,111.1,42.7,-71.3,-9.5,,,A,49.231
639,A,K,T,88,-0.022,75.7,133.3,-117.9,26.7,,,A,42.927
640,A,A,G,5,0.783,62.3,63.1,-53.5,-32.7,,,A,4.717
641,A,D,G,116,0.744,108.2,40.1,-70.4,-20.5,,,A,71.166
642,A,V,G,84,0.371,92.5,113.1,-106.8,6.0,,,A,59.155
643,A,L,S,1,-0.466,77.6,-102.3,-78.2,146.4,,,A,0.61
644,A,D,,49,-0.332,37.5,-120.5,-52.5,148.4,,,A,30.061
645,A,V,H,65,0.805,110.1,48.7,-78.5,-27.2,,,A,45.775
646,A,V,H,74,0.88,112.5,50.9,-73.8,-38.6,,,A,52.113
647,A,V,H,2,0.944,108.1,52.3,-57.3,-48.8,,,A,1.408
648,A,A,H,0,0.916,109.9,49.4,-56.9,-43.6,,,A,0.0
649,A,S,H,36,0.871,113.9,43.7,-63.6,-40.1,,,A,27.692
650,A,T,H,29,0.878,111.8,52.8,-77.1,-38.5,,,A,20.423
651,A,V,H,0,0.893,104.8,58.5,-59.8,-38.6,,,A,0.0
652,A,Q,H,40,0.905,103.9,50.0,-60.1,-43.3,,,A,20.202
653,A,K,H,118,0.897,112.4,46.2,-62.2,-43.7,,,A,57.561
654,A,D,H,8,0.891,110.3,54.7,-67.9,-37.3,,,A,4.908
655,A,M,H,0,0.888,104.3,54.8,-62.0,-39.0,,,A,0.0
656,A,A,H,37,0.894,109.8,45.7,-62.6,-40.5,,,A,34.906
657,A,I,H,91,0.914,111.0,54.0,-67.2,-43.5,,,A,53.846
658,A,M,H,4,0.92,109.7,47.9,-53.0,-47.0,,,A,2.128
659,A,I,H,1,0.928,111.2,48.6,-69.4,-43.5,,,A,0.592
660,A,E,H,99,0.896,112.9,48.1,-64.8,-38.6,,,A,51.031
661,A,D,H,88,0.894,112.1,50.2,-65.5,-38.0,,,A,53.988
662,A,E,H,17,0.886,106.6,55.1,-70.0,-37.3,,,A,8.763
663,A,K,H,83,0.946,109.8,46.7,-56.5,-49.2,,,A,40.488
664,A,A,H,51,0.869,111.5,51.0,-62.2,-40.1,,,A,48.113
665,A,L,H,39,0.905,109.1,49.4,-67.0,-41.9,,,A,23.78
666,A,R,H,44,0.907,109.3,52.7,-67.2,-37.8,,,A,17.742
667,A,E,H,99,0.927,108.6,51.5,-61.8,-42.2,,,A,51.031
668,A,T,H,84,0.895,110.5,45.8,-61.8,-43.1,,,A,59.155
669,A,V,H,5,0.83,108.4,57.6,-75.1,-27.6,,,A,3.521
670,A,R,H,139,0.931,105.3,51.1,-61.5,-41.9,,,A,56.048
671,A,K,H,178,0.623,101.0,62.6,-72.6,-10.8,,,A,86.829
672,A,L,T,65,0.509,126.4,-99.3,-89.5,-6.4,,,A,39.634
673,A,G,T,24,0.62,74.5,142.6,101.0,14.3,,,A,28.571
674,A,V,,6,-0.801,14.5,153.2,-82.9,117.8,,,A,4.225
675,A,I,,107,0.786,39.3,79.6,-116.7,-47.3,,,A,63.314
676,A,D,,92,-0.345,58.1,176.5,-64.1,146.2,,,A,56.442
677,A,S,E,57,-0.989,15.7,-175.9,-150.5,158.9,,,A,43.846
678,A,E,E,95,-0.965,31.2,-110.4,-156.1,138.3,,,A,48.969
679,A,R,E,102,-0.353,36.4,-173.3,-66.4,147.9,,,A,41.129
680,A,M,,38,-0.955,28.8,-134.4,-149.1,127.8,,,A,20.213
681,A,D,,69,-0.545,28.6,177.9,-82.2,77.8,,,A,42.331
682,A,F,G,0,0.778,70.3,69.5,-49.6,-35.4,,,A,0.0
683,A,E,G,65,0.664,92.2,60.4,-65.8,-14.9,,,A,33.505
684,A,L,G,132,0.639,87.4,90.7,-83.9,-18.8,,,A,80.488
685,A,L,S,48,-0.66,87.5,-110.0,-79.7,133.6,,,A,29.268
686,A,P,,62,-0.322,35.7,-112.4,-50.8,141.1,,,A,45.588
687,A,D,G,60,0.858,116.8,58.7,-50.0,-41.6,,,A,36.81
688,A,D,G,119,0.603,102.5,56.7,-70.7,-8.2,,,A,73.006
689,A,E,G,108,0.404,108.2,45.5,-99.4,2.4,,,A,55.67
690,A,R,S,6,0.011,77.3,121.9,-136.1,37.4,,,A,2.419
691,A,Q,B,49,-0.807,69.9,-105.4,-96.0,137.6,,,A,24.747
692,A,C,,0,-0.414,24.3,-135.5,-56.0,125.5,,,A,0.0
693,A,V,T,57,0.838,100.8,35.8,-50.8,-36.1,,,A,40.141
694,A,K,T,80,0.957,132.2,17.9,-86.0,-61.6,,,A,39.024
695,A,C,T,0,0.442,89.0,-131.2,-101.0,-0.1,,,A,0.0
696,A,K,,65,0.475,49.7,155.1,64.7,7.7,,,A,31.707
697,A,T,,17,-0.275,51.4,-110.6,-63.2,148.7,,,A,11.972
698,A,T,B,9,-0.764,37.3,-137.9,-81.0,114.2,,,A,6.338
699,A,C,,5,-0.399,45.5,135.8,-74.6,146.7,,,A,3.704
700,A,F,,10,0.33,69.6,46.2,-150.1,-50.8,,,A,5.076
701,A,M,S,4,0.91,124.5,-29.4,-70.5,-37.9,,,A,2.128
702,A,S,E,10,-0.987,54.3,178.7,-169.7,164.9,,,A,7.692
703,A,A,E,0,-0.967,27.8,-112.4,-160.4,167.6,,,A,0.0
704,A,I,E,0,-0.934,30.8,179.5,-111.8,134.5,,,A,0.0
705,A,S,E,17,-0.816,11.9,-157.1,-122.1,164.8,,,A,13.077
706,A,C,E,5,-0.978,23.8,-134.8,-143.1,135.4,,,A,3.704
707,A,S,T,104,0.783,105.8,67.9,-55.9,-29.2,,,A,80.0
708,A,C,T,64,0.833,107.3,35.7,-54.3,-39.9,,,A,47.407
709,A,K,S,93,-0.652,89.4,-150.8,-120.2,76.3,,,A,45.366
710,A,P,T,111,-0.155,76.7,7.9,-55.5,127.7,,,A,81.618
711,A,G,T,68,0.198,97.5,120.2,91.4,-16.4,,,A,80.952
712,A,L,,76,-0.566,38.5,-174.4,-86.4,148.7,,,A,46.341
713,A,L,,13,-0.976,15.2,-164.2,-137.2,150.5,,,A,7.927
714,A,V,B,0,-0.966,27.8,-118.9,-124.9,150.2,,,A,0.0
715,A,C,,10,-0.282,41.2,-96.3,-73.7,173.9,,,A,7.407
716,A,L,G,13,0.677,122.2,64.2,-75.5,-13.0,,,A,7.927
717,A,H,G,87,0.694,107.9,42.8,-73.1,-20.1,,,A,47.283
718,A,H,G,34,-0.117,63.2,135.1,-125.8,39.1,,,A,18.478
719,A,V,G,8,0.829,75.3,57.8,-52.7,-35.0,,,A,5.634
720,A,K,G,142,0.494,97.4,64.1,-76.2,-1.9,,,A,69.268
721,A,E,G,90,0.317,80.1,78.1,-107.2,7.3,,,A,46.392
722,A,L,S,9,0.924,103.4,-49.3,-84.3,-47.5,,,A,5.488
723,A,C,,28,-0.957,50.5,-90.1,-171.4,-173.4,,,A,20.741
724,A,S,S,124,0.496,79.2,113.0,-97.7,-4.9,,,A,95.385
725,A,C,S,28,-0.282,79.6,-93.3,-63.2,151.4,,,A,20.741
726,A,P,,47,-0.428,38.1,-110.6,-64.8,144.8,,,A,34.559
727,A,P,G,50,0.638,112.2,71.9,-53.2,-21.6,,,A,36.765
728,A,Y,G,168,0.719,92.5,59.4,-71.7,-14.8,,,A,75.676
729,A,K,G,100,0.529,93.6,91.8,-81.3,-7.0,,,A,48.78
730,A,Y,E,11,-0.377,62.8,-148.6,-87.3,165.5,,,A,4.955
731,A,K,E,53,-0.999,11.2,-134.9,-136.1,133.4,,,A,25.854
732,A,L,E,24,-0.795,20.4,-161.2,-82.3,117.4,,,A,14.634
733,A,R,E,51,-0.906,17.3,177.8,-98.8,126.4,,,A,20.565
734,A,Y,E,44,-0.969,33.6,-153.3,-135.0,145.4,,,A,19.82
735,A,R,S,35,0.888,83.6,10.9,-80.6,-41.2,,,A,14.113
736,A,Y,,36,-0.987,69.2,-125.3,-138.2,144.8,,,A,16.216
737,A,T,,41,-0.561,37.8,-108.2,-76.0,156.0,,,A,28.873
738,A,L,H,60,0.893,123.3,56.4,-41.4,-48.4,,,A,36.585
739,A,D,H,130,0.73,104.3,51.9,-64.9,-26.1,,,A,79.755
740,A,D,H,56,0.806,108.2,53.7,-72.4,-32.6,,,A,34.356
741,A,L,H,2,0.842,96.5,60.0,-78.5,-36.7,,,A,1.22
742,A,Y,H,85,0.874,103.9,50.4,-66.4,-37.3,,,A,38.288
743,A,P,H,72,0.858,105.9,56.4,-65.4,-32.8,,,A,52.941
744,A,M,H,33,0.935,108.1,49.4,-60.9,-44.4,,,A,17.553
745,A,M,H,31,0.849,105.5,57.2,-59.2,-40.2,,,A,16.489
746,A,N,H,84,0.812,99.9,57.0,-64.1,-35.5,,,A,53.503
747,A,A,H,46,0.914,107.9,49.6,-59.8,-40.8,,,A,43.396
748,A,L,H,0,0.918,109.3,50.7,-63.7,-44.4,,,A,0.0
749,A,K,H,111,0.931,111.3,48.1,-60.2,-46.8,,,A,54.146
750,A,L,H,133,0.883,112.4,48.3,-60.2,-42.6,,,A,81.098
751,A,R,H,96,0.902,117.3,42.6,-66.3,-38.2,,,A,38.71
752,A,A,H,25,0.715,360.0,360.0,-76.9,-22.5,,,A,23.585
753,A,E,,192,-0.478,360.0,360.0,59.5,360.0,,,A,98.969
